[
  {"model": "catalogos.departamento", "pk": 1, "fields": {"nombre": "Beni", "codigo": "BE"}},
  {"model": "catalogos.departamento", "pk": 2, "fields": {"nombre": "Chuquisaca", "codigo": "CH"}},
  {"model": "catalogos.departamento", "pk": 3, "fields": {"nombre": "Cochabamba", "codigo": "CB"}},
  {"model": "catalogos.departamento", "pk": 4, "fields": {"nombre": "La Paz", "codigo": "LP"}},
  {"model": "catalogos.departamento", "pk": 5, "fields": {"nombre": "Oruro", "codigo": "OR"}},
  {"model": "catalogos.departamento", "pk": 6, "fields": {"nombre": "Pando", "codigo": "PA"}},
  {"model": "catalogos.departamento", "pk": 7, "fields": {"nombre": "Potosí", "codigo": "PT"}},
  {"model": "catalogos.departamento", "pk": 8, "fields": {"nombre": "Santa Cruz", "codigo": "SC"}},
  {"model": "catalogos.departamento", "pk": 9, "fields": {"nombre": "Tarija", "codigo": "TJ"}},

  {"model": "catalogos.provincia", "pk": 1, "fields": {"departamento": 1, "nombre": "Cercado", "codigo": "BE-CE"}},
  {"model": "catalogos.provincia", "pk": 2, "fields": {"departamento": 1, "nombre": "Vaca Díez", "codigo": "BE-VD"}},
  {"model": "catalogos.provincia", "pk": 3, "fields": {"departamento": 1, "nombre": "Marbán", "codigo": "BE-MA"}},
  {"model": "catalogos.provincia", "pk": 4, "fields": {"departamento": 1, "nombre": "Mojos", "codigo": "BE-MO"}},
  {"model": "catalogos.provincia", "pk": 5, "fields": {"departamento": 1, "nombre": "Ballivián", "codigo": "BE-BA"}},
  {"model": "catalogos.provincia", "pk": 6, "fields": {"departamento": 1, "nombre": "Iténez", "codigo": "BE-IT"}},
  {"model": "catalogos.provincia", "pk": 7, "fields": {"departamento": 1, "nombre": "Mamoré", "codigo": "BE-MM"}},
  {"model": "catalogos.provincia", "pk": 8, "fields": {"departamento": 1, "nombre": "Yacuma", "codigo": "BE-YA"}},

  {"model": "catalogos.provincia", "pk": 9,  "fields": {"departamento": 2, "nombre": "Oropeza", "codigo": "CH-OR"}},
  {"model": "catalogos.provincia", "pk": 10, "fields": {"departamento": 2, "nombre": "Azurduy", "codigo": "CH-AZ"}},
  {"model": "catalogos.provincia", "pk": 11, "fields": {"departamento": 2, "nombre": "Zudáñez", "codigo": "CH-ZU"}},
  {"model": "catalogos.provincia", "pk": 12, "fields": {"departamento": 2, "nombre": "Tomina", "codigo": "CH-TO"}},
  {"model": "catalogos.provincia", "pk": 13, "fields": {"departamento": 2, "nombre": "Hernando Siles", "codigo": "CH-HS"}},
  {"model": "catalogos.provincia", "pk": 14, "fields": {"departamento": 2, "nombre": "Yamparáez", "codigo": "CH-YA"}},
  {"model": "catalogos.provincia", "pk": 15, "fields": {"departamento": 2, "nombre": "Nor Cinti", "codigo": "CH-NC"}},
  {"model": "catalogos.provincia", "pk": 16, "fields": {"departamento": 2, "nombre": "Sud Cinti", "codigo": "CH-SC"}},
  {"model": "catalogos.provincia", "pk": 17, "fields": {"departamento": 2, "nombre": "Luis Calvo", "codigo": "CH-LC"}},
  {"model": "catalogos.provincia", "pk": 18, "fields": {"departamento": 2, "nombre": "Belisario Boeto", "codigo": "CH-BB"}},

  {"model": "catalogos.provincia", "pk": 19, "fields": {"departamento": 3, "nombre": "Cercado", "codigo": "CB-CE"}},
  {"model": "catalogos.provincia", "pk": 20, "fields": {"departamento": 3, "nombre": "Ayopaya", "codigo": "CB-AY"}},
  {"model": "catalogos.provincia", "pk": 21, "fields": {"departamento": 3, "nombre": "Esteban Arze", "codigo": "CB-EA"}},
  {"model": "catalogos.provincia", "pk": 22, "fields": {"departamento": 3, "nombre": "Arani", "codigo": "CB-AR"}},
  {"model": "catalogos.provincia", "pk": 23, "fields": {"departamento": 3, "nombre": "Arque", "codigo": "CB-AQ"}},
  {"model": "catalogos.provincia", "pk": 24, "fields": {"departamento": 3, "nombre": "Capinota", "codigo": "CB-CA"}},
  {"model": "catalogos.provincia", "pk": 25, "fields": {"departamento": 3, "nombre": "Germán Jordán", "codigo": "CB-GJ"}},
  {"model": "catalogos.provincia", "pk": 26, "fields": {"departamento": 3, "nombre": "Quillacollo", "codigo": "CB-QU"}},
  {"model": "catalogos.provincia", "pk": 27, "fields": {"departamento": 3, "nombre": "Chapare", "codigo": "CB-CH"}},
  {"model": "catalogos.provincia", "pk": 28, "fields": {"departamento": 3, "nombre": "Tapacarí", "codigo": "CB-TA"}},
  {"model": "catalogos.provincia", "pk": 29, "fields": {"departamento": 3, "nombre": "Tiraque", "codigo": "CB-TI"}},
  {"model": "catalogos.provincia", "pk": 30, "fields": {"departamento": 3, "nombre": "Bolívar", "codigo": "CB-BO"}},
  {"model": "catalogos.provincia", "pk": 31, "fields": {"departamento": 3, "nombre": "Carrasco", "codigo": "CB-CR"}},
  {"model": "catalogos.provincia", "pk": 32, "fields": {"departamento": 3, "nombre": "Mizque", "codigo": "CB-MI"}},
  {"model": "catalogos.provincia", "pk": 33, "fields": {"departamento": 3, "nombre": "Campero", "codigo": "CB-CM"}},
  {"model": "catalogos.provincia", "pk": 34, "fields": {"departamento": 3, "nombre": "Punata", "codigo": "CB-PU"}},
  {"model": "catalogos.provincia", "pk": 35, "fields": {"departamento": 3, "nombre": "Totora", "codigo": "CB-TO"}},
  {"model": "catalogos.provincia", "pk": 36, "fields": {"departamento": 3, "nombre": "Sacaba", "codigo": "CB-SA"}},

  {"model": "catalogos.provincia", "pk": 37, "fields": {"departamento": 4, "nombre": "Murillo", "codigo": "LP-MU"}},
  {"model": "catalogos.provincia", "pk": 38, "fields": {"departamento": 4, "nombre": "Omasuyos", "codigo": "LP-OM"}},
  {"model": "catalogos.provincia", "pk": 39, "fields": {"departamento": 4, "nombre": "Pacajes", "codigo": "LP-PA"}},
  {"model": "catalogos.provincia", "pk": 40, "fields": {"departamento": 4, "nombre": "Camacho", "codigo": "LP-CA"}},
  {"model": "catalogos.provincia", "pk": 41, "fields": {"departamento": 4, "nombre": "Muñecas", "codigo": "LP-MN"}},
  {"model": "catalogos.provincia", "pk": 42, "fields": {"departamento": 4, "nombre": "Larecaja", "codigo": "LP-LA"}},
  {"model": "catalogos.provincia", "pk": 43, "fields": {"departamento": 4, "nombre": "Franz Tamayo", "codigo": "LP-FT"}},
  {"model": "catalogos.provincia", "pk": 44, "fields": {"departamento": 4, "nombre": "Ingavi", "codigo": "LP-IN"}},
  {"model": "catalogos.provincia", "pk": 45, "fields": {"departamento": 4, "nombre": "Loayza", "codigo": "LP-LO"}},
  {"model": "catalogos.provincia", "pk": 46, "fields": {"departamento": 4, "nombre": "Inquisivi", "codigo": "LP-IQ"}},
  {"model": "catalogos.provincia", "pk": 47, "fields": {"departamento": 4, "nombre": "Sud Yungas", "codigo": "LP-SY"}},
  {"model": "catalogos.provincia", "pk": 48, "fields": {"departamento": 4, "nombre": "Nor Yungas", "codigo": "LP-NY"}},
  {"model": "catalogos.provincia", "pk": 49, "fields": {"departamento": 4, "nombre": "Abel Iturralde", "codigo": "LP-AI"}},
  {"model": "catalogos.provincia", "pk": 50, "fields": {"departamento": 4, "nombre": "Bautista Saavedra", "codigo": "LP-BS"}},
  {"model": "catalogos.provincia", "pk": 51, "fields": {"departamento": 4, "nombre": "Manco Kapac", "codigo": "LP-MK"}},
  {"model": "catalogos.provincia", "pk": 52, "fields": {"departamento": 4, "nombre": "Gualberto Villarroel", "codigo": "LP-GV"}},
  {"model": "catalogos.provincia", "pk": 53, "fields": {"departamento": 4, "nombre": "Los Andes", "codigo": "LP-LA2"}},
  {"model": "catalogos.provincia", "pk": 54, "fields": {"departamento": 4, "nombre": "Aroma", "codigo": "LP-AR"}},
  {"model": "catalogos.provincia", "pk": 55, "fields": {"departamento": 4, "nombre": "General José Manuel Pando", "codigo": "LP-NY2"}},
  {"model": "catalogos.provincia", "pk": 56, "fields": {"departamento": 4, "nombre": "Caranavi", "codigo": "LP-CR"}},

  {"model": "catalogos.provincia", "pk": 57, "fields": {"departamento": 5, "nombre": "Cercado", "codigo": "OR-CE"}},
  {"model": "catalogos.provincia", "pk": 58, "fields": {"departamento": 5, "nombre": "Nor Carangas", "codigo": "OR-NC"}},
  {"model": "catalogos.provincia", "pk": 59, "fields": {"departamento": 5, "nombre": "San Pedro de Totora", "codigo": "OR-SP"}},
  {"model": "catalogos.provincia", "pk": 60, "fields": {"departamento": 5, "nombre": "Sajama", "codigo": "OR-SA"}},
  {"model": "catalogos.provincia", "pk": 61, "fields": {"departamento": 5, "nombre": "Litoral", "codigo": "OR-LI"}},
  {"model": "catalogos.provincia", "pk": 62, "fields": {"departamento": 5, "nombre": "Pantaleón Dalence", "codigo": "OR-PD"}},
  {"model": "catalogos.provincia", "pk": 63, "fields": {"departamento": 5, "nombre": "Poopó", "codigo": "OR-PO"}},
  {"model": "catalogos.provincia", "pk": 64, "fields": {"departamento": 5, "nombre": "Saucarí", "codigo": "OR-SO"}},
  {"model": "catalogos.provincia", "pk": 65, "fields": {"departamento": 5, "nombre": "Tomas Barrón", "codigo": "OR-TB"}},
  {"model": "catalogos.provincia", "pk": 66, "fields": {"departamento": 5, "nombre": "Sur Carangas", "codigo": "OR-SC"}},
  {"model": "catalogos.provincia", "pk": 67, "fields": {"departamento": 5, "nombre": "Ladislao Cabrera", "codigo": "OR-LC"}},
  {"model": "catalogos.provincia", "pk": 68, "fields": {"departamento": 5, "nombre": "Carangas", "codigo": "OR-CA"}},
  {"model": "catalogos.provincia", "pk": 69, "fields": {"departamento": 5, "nombre": "Sebastián Pagador", "codigo": "OR-SE"}},
  {"model": "catalogos.provincia", "pk": 70, "fields": {"departamento": 5, "nombre": "Avaroa", "codigo": "OR-AV"}},

  {"model": "catalogos.provincia", "pk": 71, "fields": {"departamento": 6, "nombre": "Nicolás Suárez", "codigo": "PA-NS"}},
  {"model": "catalogos.provincia", "pk": 72, "fields": {"departamento": 6, "nombre": "Manuripi", "codigo": "PA-MA"}},
  {"model": "catalogos.provincia", "pk": 73, "fields": {"departamento": 6, "nombre": "Madre de Dios", "codigo": "PA-MD"}},
  {"model": "catalogos.provincia", "pk": 74, "fields": {"departamento": 6, "nombre": "Abuná", "codigo": "PA-AB"}},
  {"model": "catalogos.provincia", "pk": 75, "fields": {"departamento": 6, "nombre": "Federico Román", "codigo": "PA-FR"}},

  {"model": "catalogos.provincia", "pk": 76, "fields": {"departamento": 7, "nombre": "Tomás Frías", "codigo": "PT-TF"}},
  {"model": "catalogos.provincia", "pk": 77, "fields": {"departamento": 7, "nombre": "Rafael Bustillo", "codigo": "PT-RB"}},
  {"model": "catalogos.provincia", "pk": 78, "fields": {"departamento": 7, "nombre": "Cornelio Saavedra", "codigo": "PT-CS"}},
  {"model": "catalogos.provincia", "pk": 79, "fields": {"departamento": 7, "nombre": "Chayanta", "codigo": "PT-CH"}},
  {"model": "catalogos.provincia", "pk": 80, "fields": {"departamento": 7, "nombre": "Charcas", "codigo": "PT-CA"}},
  {"model": "catalogos.provincia", "pk": 81, "fields": {"departamento": 7, "nombre": "Nor Chichas", "codigo": "PT-NC"}},
  {"model": "catalogos.provincia", "pk": 82, "fields": {"departamento": 7, "nombre": "Alonso de Ibáñez", "codigo": "PT-AI"}},
  {"model": "catalogos.provincia", "pk": 83, "fields": {"departamento": 7, "nombre": "Sud Chichas", "codigo": "PT-SC"}},
  {"model": "catalogos.provincia", "pk": 84, "fields": {"departamento": 7, "nombre": "Linares", "codigo": "PT-LI"}},
  {"model": "catalogos.provincia", "pk": 85, "fields": {"departamento": 7, "nombre": "Modesto Omiste", "codigo": "PT-MO"}},
  {"model": "catalogos.provincia", "pk": 86, "fields": {"departamento": 7, "nombre": "Quijarro", "codigo": "PT-QU"}},
  {"model": "catalogos.provincia", "pk": 87, "fields": {"departamento": 7, "nombre": "José María Linares", "codigo": "PT-JL"}},
  {"model": "catalogos.provincia", "pk": 88, "fields": {"departamento": 7, "nombre": "Daniel Campos", "codigo": "PT-DC"}},
  {"model": "catalogos.provincia", "pk": 89, "fields": {"departamento": 7, "nombre": "Nor Lípez", "codigo": "PT-NL"}},
  {"model": "catalogos.provincia", "pk": 90, "fields": {"departamento": 7, "nombre": "Sud Lípez", "codigo": "PT-SL"}},
  {"model": "catalogos.provincia", "pk": 91, "fields": {"departamento": 7, "nombre": "Antonio Quijarro", "codigo": "PT-AQ"}},

  {"model": "catalogos.provincia", "pk": 92, "fields":  {"departamento": 8, "nombre": "Andrés Ibáñez", "codigo": "SC-AI"}},
  {"model": "catalogos.provincia", "pk": 93, "fields":  {"departamento": 8, "nombre": "Warnes", "codigo": "SC-WA"}},
  {"model": "catalogos.provincia", "pk": 94, "fields":  {"departamento": 8, "nombre": "Ichilo", "codigo": "SC-IC"}},
  {"model": "catalogos.provincia", "pk": 95, "fields":  {"departamento": 8, "nombre": "Sara", "codigo": "SC-SA"}},
  {"model": "catalogos.provincia", "pk": 96, "fields":  {"departamento": 8, "nombre": "Cordillera", "codigo": "SC-CO"}},
  {"model": "catalogos.provincia", "pk": 97, "fields":  {"departamento": 8, "nombre": "Vallegrande", "codigo": "SC-VA"}},
  {"model": "catalogos.provincia", "pk": 98, "fields":  {"departamento": 8, "nombre": "Florida", "codigo": "SC-FL"}},
  {"model": "catalogos.provincia", "pk": 99, "fields":  {"departamento": 8, "nombre": "Obispo Santistevan", "codigo": "SC-OS"}},
  {"model": "catalogos.provincia", "pk": 100, "fields": {"departamento": 8, "nombre": "Ñuflo de Chávez", "codigo": "SC-NC"}},
  {"model": "catalogos.provincia", "pk": 101, "fields": {"departamento": 8, "nombre": "Velasco", "codigo": "SC-VE"}},
  {"model": "catalogos.provincia", "pk": 102, "fields": {"departamento": 8, "nombre": "Germán Busch", "codigo": "SC-GB"}},
  {"model": "catalogos.provincia", "pk": 103, "fields": {"departamento": 8, "nombre": "Chiquitos", "codigo": "SC-CH"}},
  {"model": "catalogos.provincia", "pk": 104, "fields": {"departamento": 8, "nombre": "Santistevan", "codigo": "SC-SS"}},
  {"model": "catalogos.provincia", "pk": 105, "fields": {"departamento": 8, "nombre": "José Miguel de Velasco", "codigo": "SC-JV"}},

  {"model": "catalogos.provincia", "pk": 106, "fields": {"departamento": 9, "nombre": "Cercado", "codigo": "TJ-CE"}},
  {"model": "catalogos.provincia", "pk": 107, "fields": {"departamento": 9, "nombre": "Avilés", "codigo": "TJ-AV"}},
  {"model": "catalogos.provincia", "pk": 108, "fields": {"departamento": 9, "nombre": "Méndez", "codigo": "TJ-ME"}},
  {"model": "catalogos.provincia", "pk": 109, "fields": {"departamento": 9, "nombre": "Arce", "codigo": "TJ-AR"}},
  {"model": "catalogos.provincia", "pk": 110, "fields": {"departamento": 9, "nombre": "Gran Chaco", "codigo": "TJ-GC"}},
  {"model": "catalogos.provincia", "pk": 111, "fields": {"departamento": 9, "nombre": "O'Connor", "codigo": "TJ-OC"}},
  {"model": "catalogos.provincia", "pk": 112, "fields": {"departamento": 9, "nombre": "Burdet O'Connor", "codigo": "TJ-BO"}},

  {"model": "catalogos.municipio", "pk": 1,  "fields": {"provincia": 1,  "nombre": "Trinidad",        "codigo": "BE-CE-01"}},
  {"model": "catalogos.municipio", "pk": 2,  "fields": {"provincia": 1,  "nombre": "San Javier",       "codigo": "BE-CE-02"}},
  {"model": "catalogos.municipio", "pk": 3,  "fields": {"provincia": 2,  "nombre": "Riberalta",        "codigo": "BE-VD-01"}},
  {"model": "catalogos.municipio", "pk": 4,  "fields": {"provincia": 2,  "nombre": "Guayaramerín",     "codigo": "BE-VD-02"}},
  {"model": "catalogos.municipio", "pk": 5,  "fields": {"provincia": 19, "nombre": "Cochabamba",       "codigo": "CB-CE-01"}},
  {"model": "catalogos.municipio", "pk": 6,  "fields": {"provincia": 19, "nombre": "Colcapirhua",      "codigo": "CB-CE-02"}},
  {"model": "catalogos.municipio", "pk": 7,  "fields": {"provincia": 19, "nombre": "Sacaba",           "codigo": "CB-CE-03"}},
  {"model": "catalogos.municipio", "pk": 8,  "fields": {"provincia": 26, "nombre": "Quillacollo",      "codigo": "CB-QU-01"}},
  {"model": "catalogos.municipio", "pk": 9,  "fields": {"provincia": 26, "nombre": "Sipe Sipe",        "codigo": "CB-QU-02"}},
  {"model": "catalogos.municipio", "pk": 10, "fields": {"provincia": 26, "nombre": "Tiquipaya",        "codigo": "CB-QU-03"}},
  {"model": "catalogos.municipio", "pk": 11, "fields": {"provincia": 26, "nombre": "Vinto",            "codigo": "CB-QU-04"}},
  {"model": "catalogos.municipio", "pk": 12, "fields": {"provincia": 37, "nombre": "La Paz",           "codigo": "LP-MU-01"}},
  {"model": "catalogos.municipio", "pk": 13, "fields": {"provincia": 37, "nombre": "Palca",            "codigo": "LP-MU-02"}},
  {"model": "catalogos.municipio", "pk": 14, "fields": {"provincia": 37, "nombre": "Mecapaca",         "codigo": "LP-MU-03"}},
  {"model": "catalogos.municipio", "pk": 15, "fields": {"provincia": 37, "nombre": "Achocalla",        "codigo": "LP-MU-04"}},
  {"model": "catalogos.municipio", "pk": 16, "fields": {"provincia": 37, "nombre": "El Alto",          "codigo": "LP-MU-05"}},
  {"model": "catalogos.municipio", "pk": 17, "fields": {"provincia": 57, "nombre": "Oruro",            "codigo": "OR-CE-01"}},
  {"model": "catalogos.municipio", "pk": 18, "fields": {"provincia": 57, "nombre": "El Choro",         "codigo": "OR-CE-02"}},
  {"model": "catalogos.municipio", "pk": 19, "fields": {"provincia": 57, "nombre": "Huanuni",          "codigo": "OR-CE-03"}},
  {"model": "catalogos.municipio", "pk": 20, "fields": {"provincia": 71, "nombre": "Cobija",           "codigo": "PA-NS-01"}},
  {"model": "catalogos.municipio", "pk": 21, "fields": {"provincia": 71, "nombre": "Porvenir",         "codigo": "PA-NS-02"}},
  {"model": "catalogos.municipio", "pk": 22, "fields": {"provincia": 76, "nombre": "Potosí",           "codigo": "PT-TF-01"}},
  {"model": "catalogos.municipio", "pk": 23, "fields": {"provincia": 76, "nombre": "Yocalla",          "codigo": "PT-TF-02"}},
  {"model": "catalogos.municipio", "pk": 24, "fields": {"provincia": 76, "nombre": "Urmiri",           "codigo": "PT-TF-03"}},
  {"model": "catalogos.municipio", "pk": 25, "fields": {"provincia": 92, "nombre": "Santa Cruz",       "codigo": "SC-AI-01"}},
  {"model": "catalogos.municipio", "pk": 26, "fields": {"provincia": 92, "nombre": "El Torno",         "codigo": "SC-AI-02"}},
  {"model": "catalogos.municipio", "pk": 27, "fields": {"provincia": 92, "nombre": "Cotoca",           "codigo": "SC-AI-03"}},
  {"model": "catalogos.municipio", "pk": 28, "fields": {"provincia": 92, "nombre": "Porongo",          "codigo": "SC-AI-04"}},
  {"model": "catalogos.municipio", "pk": 29, "fields": {"provincia": 92, "nombre": "La Guardia",       "codigo": "SC-AI-05"}},
  {"model": "catalogos.municipio", "pk": 30, "fields": {"provincia": 92, "nombre": "Warnes",           "codigo": "SC-AI-06"}},
  {"model": "catalogos.municipio", "pk": 31, "fields": {"provincia": 92, "nombre": "Montero",          "codigo": "SC-AI-07"}},
  {"model": "catalogos.municipio", "pk": 32, "fields": {"provincia": 9,  "nombre": "Sucre",            "codigo": "CH-OR-01"}},
  {"model": "catalogos.municipio", "pk": 33, "fields": {"provincia": 9,  "nombre": "Yotala",           "codigo": "CH-OR-02"}},
  {"model": "catalogos.municipio", "pk": 34, "fields": {"provincia": 9,  "nombre": "Poroma",           "codigo": "CH-OR-03"}},
  {"model": "catalogos.municipio", "pk": 35, "fields": {"provincia": 106, "nombre": "Tarija",          "codigo": "TJ-CE-01"}},
  {"model": "catalogos.municipio", "pk": 36, "fields": {"provincia": 106, "nombre": "Padcaya",         "codigo": "TJ-CE-02"}},
  {"model": "catalogos.municipio", "pk": 37, "fields": {"provincia": 106, "nombre": "Uriondo",         "codigo": "TJ-CE-03"}}
]